STT	Từ vựng	Nghĩa
1	가게	Shop / Store
2	가격	Price
3	가구	Furniture
4	가방	Bag
5	가수	Singer
6	가슴	Chest / Breast
7	가요	Popular song / Folk song
8	가운데	Middle / Center
9	가위	Scissors
10	가을	Autumn / Fall
11	가족	Family
12	가지	Kind / Sort / Variety
13	간식	Snack
14	간장	Soy sauce
15	간호사	Nurse
16	갈비	Ribs
17	갈비탕	Short rib soup
18	갈색	Brown
19	감	Sense / Feeling
20	감기	Cold / Flu
21	감동	Emotion / Impression
22	감자	Potato
23	값	Price / Value
24	강	River
25	강아지	Puppy
26	개	Counter for items
27	개	Dog
28	개나리	Forsythia / Golden bell flower
29	개월	Month (count)
30	개인	Individual / Private
31	거	Thing / Object
32	거리	Distance / Street
33	거실	Living room
34	거울	Mirror
35	거짓말	Lie
36	건너편	Across / Opposite side
37	건물	Building
38	검은색	Black color
39	것	Thing
40	게임	Game
41	겨울	Winter
42	결과	Result / Outcome
43	결혼식	Wedding ceremony
44	경기	Match / Game
45	경기장	Stadium / Arena
46	경복궁	Gyeongbokgung Palace
47	경주	Gyeongju
48	경찰	Police
49	경찰관	Police officer
50	경찰서	Police station
51	것	Thing / Object
52	하다	To do
53	있다	To have / To exist
54	나	I / Me
55	없다	To not have / To not exist
56	사람	Person / Human
57	우리	We / Us / Our
58	아니다	To not be
59	보다	To see / To watch
60	같다	To be same / To be alike
61	거	That thing / That
62	주다	To give
63	대하다	To face / To treat
64	가다	To go
65	년	Year
66	나라	Country / Nation
67	나무	Tree / Wood
68	날	Day
69	날씨	Weather
70	남산	Namsan
71	내년	Next year
72	내용	Content
73	냉면	Cold noodles
74	냉장고	Refrigerator
75	노래	Song
76	누나	Older sister (for males)
77	눈물	Tears
78	느낌	Feeling / Impression
79	다음	Next
80	다음달	Next month
81	단어	Word / Vocabulary
82	달	Month / Moon
83	댁 	House (honorific)
84	도서관	Library
85	동생	Younger sibling
86	뒤	Behind / Back
87	드라마	Drama / TV show
88	등산화	Hiking boots
89	등산	Hiking / Mountain climbing
90	라디오	Radio
91	러시아	Russia
92	맞은편	Opposite side
93	머리	Head / Hair
94	모습	Appearance / Figure
95	모자	Hat / Cap
96	무게	Weight
97	문	Door
98	문구점	Stationery store
99	문제	Problem / Question
100	문화	Culture
101	물건	Item / Thing
102	미국	USA / America
103	밑	Under / Bottom
104	바지	Pants / Trousers
105	박물관	Museum
106	밖	Outside
107	반 	Class / Half
108	방	Room
109	방법	Method / Way
110	방송국	Broadcasting station
111	배	Stomach / Boat / Pear
112	배우	Actor / Actress
113	백화점	Department store
114	버스	Bus
115	번호	Number
116	병원	Hospital / Clinic
117	불펜	Ballpoint pen
118	봄	Spring
119	부모님	Parents
120	부분	Part / Portion
121	부탁	Request / Favor
122	분위기	Atmosphere / Mood
123	불고기	Bulgogi (Marinated beef)
124	비	Rain
125	비행기	Airplane
126	빵	Bread
127	화면	Screen / Display
128	구입하다	To purchase / To buy
129	굴리다	To roll / To roll over
130	감소	Decrease / Reduction
131	관람료	Admission fee / Ticket price
132	여가 활동	Leisure activities
133	연습실	Practice room
134	관리실	Management office
135	공사	Construction / Engineering
136	소음	Noise
137	집중이 안 되다	Cannot focus / Concentrate
138	시청자	Viewer / Audience
139	장면	Scene / Cut
140	A이/가 B에 어울리다	A suits B / A goes well with B
141	기대되다	To be expected / To look forward to
142	N에/에게 신경을 쓰다	To pay attention to N / To care about N
143	진료	Medical examination / Treatment
144	확인되다	To be confirmed
145	검사	Examination / Test / Inspection
146	탈의실	Dressing room / Fitting room
147	심다	To plant
148	화분	Flowerpot / Plant pot
149	베란다	Veranda / Balcony
150	N(으)로 옮기다	To move to N / To transfer to N
151	직원 연수	Employee training
152	확정되다	To be confirmed / To be finalized
153	특강	Special lecture
154	서두르다	To rush / To hurry
155	강사	Lecturer / Instructor
156	심리학 개론	Introduction to Psychology
157	수강 신청	Course registration
158	N에 만족하다	To be satisfied with N
159	주민	Resident / Inhabitant
160	N이/가 설치되다	N is installed / set up
161	노래자랑 대회	Singing contest
162	야시장	Night market
163	놀이터	Playground
164	정전	Power outage / Blackout
165	불편을 겪다	To experience inconvenience
166	차례	Turn / Order / Sequence
167	중단하다	To suspend / To discontinue
168	정밀 검사	Detailed inspection / Precise test
169	사고가 발생하다	An accident occurs
170	치료하다	To treat / To cure
171	병들다	To fall ill / To get sick
172	살피다	To examine / To look closely
173	조사하다	To investigate / To survey
174	주변 환경	Surrounding environment
175	N에 민감하다	To be sensitive to N
176	원인	Cause / Reason
177	개선하다	To improve / To enhance
178	처방하다	To prescribe
179	동작	Movement / Action
180	제대로	Properly / Correctly
181	꾸준히	Consistently / Steadily
182	따라 하다	To follow / To imitate
183	상관없다	To not matter / To be irrelevant
184	갈등	Conflict / Discord
185	분명하다	To be clear / Obvious
186	상대방	The other party / Counterpart
187	입장	Position / Stance
188	명함	Business card
189	특이하다	To be unique / Unusual
190	인상적이다	To be impressive
191	기업 행사	Corporate event
192	기획하다	To plan / To design
193	파악하다	To grasp / To understand
194	신제품	New product
195	홍보	Promotion / Publicity
196	연출하다	To direct / To produce
197	송년회	Year-end party
198	친목	Friendship / Fellowship
199	참고하다	To refer to / To consult
200	이용 후기	User review / Feedback
201	적극적	Active / Positive
202	남기다	To leave behind
203	우선이다	To be top priority
204	시험장	Test venue / Exam site
205	당일	The day of / On that day
206	지정하다	To designate / To specify
207	재발급	Reissuance
208	요청하다	To request / To demand
209	소방복	Firefighter gear / Firefighting suit
210	재활용	Recycling / Reuse
211	전공을 살려 V	Utilizing one's major to V
212	소재	Material / Subject matter
213	관심을 모으다	To draw / Gather interest
214	수익금	Proceeds / Earnings
215	계기가 되다	To serve as an opportunity
216	근무 환경	Working environment
217	희생정신	Spirit of sacrifice
218	본받다	To follow / To emulate
219	보장하다	To guarantee / To assure
220	육아 휴직	Parental leave
221	권장하다	To encourage / To recommend
222	시각	Perspective / Viewpoint
223	하긴 = 사실 말하자면	Actually / Come to think of it
224	일깨우다	To awaken / To enlighten
225	지적하다	To point out / To criticize
226	인식	Awareness / Perception
227	지급되다	To be paid / To be provided
228	시행	Enforcement / Implementation
229	구독	Subscription
230	이용료	Usage fee
231	해설	Commentary / Explanation
232	요약본	Summary / Executive summary
233	음성	Voice / Audio
234	전자책	E-book
235	개발하다	To develop
236	재학생	Current student
237	창업	Starting a business / Startup
238	사전 교육	Prior orientation / Orientation training
239	지원금	Subsidy / Support fund
240	이르다	To be early / To reach
241	부딪히다	To bump into / To collide
242	진정하다 = 올바르다	To be true / Proper / Right
243	연장하다	To extend / To renew
244	회의적	Skeptical / Doubtful
245	사례	Case / Example
246	염려하다	To worry / To be anxious
247	일부	Part / Portion
248	착륙하다	To land (aircraft)
249	지면	Ground / Land surface
250	마찰	Friction / ConflictSTT	Từ vựng	Nghĩa
251	워낙	So / Extremely / By nature
252	주입하다	To inject / To instill / To infuse
253	산소	Oxygen
254	유도하다	To induce / To lead / To guide
255	혼합되다	To be mixed / To be blended
256	질소	Nitrogen
257	표면	Surface
258	마찰열	Friction heat / Frictional heat
259	미끄러짐	Slipping / Skidding
260	최소화하다	To minimize
261	생성 원리	Principle of formation / Generation mechanism
262	(무늬를) 새기다	To engrave / To carve (a pattern)
263	아역 배우	Child actor / Child actress
264	특유	Characteristic / Unique / Peculiar
265	업적	Achievement / Accomplishment
266	지지	Support / Backing
267	활약하다	To play an active role / To be active
268	데뷔하다	To debut / To make a debut
269	국제 영화제	International film festival
270	교양 프로그램	Liberal arts program / Cultural program
271	충치	Tooth decay / Cavity
272	잇몸병	Gum disease / Periodontal disease
273	차지하다	To occupy / To take up / To account for
274	대수롭다	Important / Significant (usually used in negative context)
275	손상되다	To be damaged / To be impaired
276	회복되다	To recover / To be restored
277	신체 기관	Body organ / Body system
278	악영향을 끼치다	To have a bad effect / To exert a harmful influence
279	치매	Dementia
280	유발하다	To cause / To trigger / To induce
281	바로잡다	To correct / To rectify / To set right
282	절반	Half
283	추세	Trend / Tendency
284	[병]을 일으키다	To cause a [disease/illness]
285	질환	Disease / Disorder / Ailment
286	유출되다	To be leaked / To spill out
287	문화재	Cultural asset / Cultural heritage
288	본국	Home country / One's own country
289	국제 협약	International treaty / International agreement
290	1990년대 후반	Late 1990s
291	환수	Redemption / Return / Repatriation
292	공조	Collaboration / Cooperation
293	대여	Rental / Lease / Loan
294	기증	Donation / Contribution
295	영구적	Permanent / Everlasting
296	바람직하다	Desirable / Advisable / Right
297	일시적	Temporary / Transient
298	담화	Talk / Dialogue / Statement
299	민간 주도	Private sector-led / Citizen-led
300	협정을 체결하다	To sign an agreement / To conclude a pact
301	감칠맛	Savory taste / Umami
302	식욕을 당기게 하다	To whet the appetite / To stimulate appetite
303	관심을 쏟다	To devote attention to / To focus on
304	깊은맛	Deep flavor / Rich taste
305	유력하다	Promising / Leading / Strong
306	거론되다	To be mentioned / To be discussed
307	숙성	Aging / Maturation / Fermentation
308	기본양념	Basic seasoning / Basic condiments
309	우러나다	To brew / To steep / To emanate
310	결합하다	To combine / To unite / To bond
311	풍미	Flavor / Relish
312	조리	Cooking / Culinary preparation
313	꼬물꼬물	Wiggling / Squirming
314	헤엄을 치다	To swim
315	자궁	Womb / Uterus
316	탯줄	Umbilical cord
317	어미	Mother animal / Female parent
318	수정이 되지 않다	To be unfertilized / Not fertilized
319	무정란	Unfertilized egg
320	만반	All / Every / Thorough preparation
321	서식	Inhabitation / Habitat
322	유사하다	To be similar / To resemble
323	수분	Moisture / Water content
324	배출하다	To discharge / To excrete / To emit
325	발명되다	To be invented
326	음악계	Music circle / Music industry
327	환영을 받다	To be welcomed / To be well-received
328	주도하다	To lead / To spearhead / To dominate
329	오케스트라	Orchestra
330	편성	Arrangement / Organization / Composition
331	확립되다	To be established / To be settled
332	조화를 이루다	To achieve harmony / To harmonize
333	튀다	To stand out / To splash / To bounce
334	열풍이 불다	A craze blows / A fever surges
335	맞아떨어지다	To fit together / To coincide / To add up
336	관능적	Sensual / Voluptuous
337	호소력이 짙다	To have strong appeal / To be deeply touching
338	합주	Ensemble / Playing together
339	위상	Status / Position / Standing
340	대담	Talk / Conversation / Panel discussion
341	생소하다	Unfamiliar / Strange
342	조난	Distress / Shipwreck / Accident
343	부여하다	To grant / To assign / To bestow
344	표지판	Signboard / Traffic sign
345	신속하다	Prompt / Swift / Speedy
346	지방자치단체	Local government / Local autonomous entity
347	예산	Budget / Projected cost
348	밀접하다	Close / Intimate
349	원활하다	Smooth / Seamless
350	유보하다	To reserve / To defer / To postpone
351	협조를 당부하다	To request cooperation
352	시정하다	To correct / To rectify
353	촉구하다	To urge / To demand / To press for
354	반성문	Self-reflection letter / Written apology
355	소소하다	Trivial / Minor / Small
356	국정 업무	State affairs / Government affairs
357	신하	Vassal / Subject / Minister
358	상소 	Memorial to the throne / Petition
359	심경	State of mind / Feelings
360	세계정세	World situation / Global affairs
361	동서양의 사회	Eastern and Western societies
362	양상	Aspect / Appearance / Feature
363	상세히	In detail / Minutely
364	사료	Historical records / Historical documents
365	맹신	Blind faith / Blind belief
366	경계하다	To beware of / To guard against
367	훼손	Damage / Harm / Defacement
368	강구하다	To devise / To seek / To formulate
369	개방대학	Open university
370	고등학교	High school
371	공립학교	Public school
372	국립대학	National university
373	기숙학교	Boarding school
374	대학교	University / College
375	대학원	Graduate school
376	법대	Law school / College of Law
377	사립대학	Private university
378	사범대학	Teachers' college / College of Education
379	여대	Women's university
380	외대	University of foreign studies
381	유치원	Kindergarten
382	의대	Medical school / College of Medicine
383	전문대학	Junior college / Technical college
384	주간학교	Day school
385	중학교	Middle school / Junior high school
386	초등학교	Elementary school / Primary school
387	탁아소	Daycare center / Nursery
388	학교	School
389	학원	Academy / Private institute
390	강당	Auditorium / Lecture hall
391	교수 연구실	Professor's office / Faculty office
392	기숙사	Dormitory
393	농구 코트	Basketball court
394	도서관	Library
395	동아리 방	Club room
396	무용실	Dance studio / Dance room
397	미술실	Art room
398	사무실	Office
399	서점	Bookstore
400	세미나실	Seminar room
401	셔틀버스 승차장	Shuttle bus stop
402	수영장	Swimming pool
403	연구실 / 실험실	Research lab / Laboratory
404	야외 음악당	Outdoor music hall / Open-air theater
405	운동장	Playground / Sports field
406	음악실	Music room
407	체육관	Gymnasium / Gym
408	치료소	Infirmary / Clinic
409	탈의실	Locker room / Changing room
410	테니스 코트	Tennis court
411	학과 사무실	Department office
412	학생 상담소	Student counseling center
413	학생 식당	Student cafeteria
414	학생 회관	Student union / Student center
415	교수님	Professor
416	교장	Principal / Headmaster
417	대학생	University student / College student
418	동창	Alumnus / Classmate
419	박사	Doctorate / Ph.D.
420	반장	Class president / Monitor
421	사학년	Fourth year / Senior
422	삼학년	Third year / Junior
423	석사	Master's degree
424	선배	Senior / Senior colleague
425	선생님	Teacher
426	이학년	Second year / Sophomore
427	일학년	First year / Freshman
428	조장	Group leader / Team leader
429	학생	Student
430	후배	Junior / Junior colleague
431	건축	Architecture
432	공업	Industry / Industrial engineering
433	과목	Subject / Course
434	과학	Science
435	국어	National language / Korean language
436	기술	Technology / Engineering / Skill
437	농업	Agriculture
438	문화	Culture
439	물리학	Physics
440	미술	Fine arts / Art
441	부문 / 학과	Department / Division
442	사범	Education / Pedagogy
443	수학	Mathematics
444	심리학	Psychology
445	약학	Pharmacy / Pharmacology
446	언어	Language / Linguistics
447	역사	History
448	영어	English
449	지리학	Geography
450	화학	Chemistry
451	생물학	Biology
452	공책	Notebook
453	교복	School uniform
454	교실	Classroom
455	그림책	Picture book
456	볼펜	Ballpoint pen
457	색연필	Colored pencil
458	연필	Pencil
459	음악	Music
460	자	Ruler
461	책	Book
462	책가방	Backpack / School bag
463	책상	Desk
464	초크	Chalk
465	칠판	Blackboard / Chalkboard
466	컴퓨터	Computer
467	펜	Pen
468	필통	Pencil case
469	문방구	Stationery store
470	가르치다	To teach
471	강의하다	To lecture
472	겨울방학	Winter vacation
473	공부를 못 하다	To be poor at studying
474	공부를 잘 하다	To be good at studying
475	공부하다	To study
476	그만두다	To quit / To stop
477	기숙사비	Dormitory fee
478	단어	Word / Vocabulary
479	대문자	Capital letter / Uppercase
480	더하다	To add / To increase
481	독학하다	To self-study
482	등록금	Tuition fee
483	떨어지다	To fail (an exam) / To fall
484	마침표	Period / Full stop
485	문법	Grammar
486	문장	Sentence
487	배우다	To learn
488	불합격	Failure / Disqualification
489	빼다	To subtract / To remove
490	성적표	Report card / Transcript
491	수업	Class / Lesson
492	수업시간	Class time / Lesson hours
493	쉽다	To be easy
494	시간표	Timetable / Schedule
495	시험	Exam / Test
496	어렵다	To be difficult
497	여름방학	Summer vacation
498	연구하다	To research / To study
499	유학하다	To study abroad
500	장학금	ScholarshipSTT	Từ vựng	Nghĩa
501	전공하다	To major in
502	점수	Score / Grade / Marks
503	정보학	Information Science / Informatics
504	졸업증	Diploma / Graduation certificate
505	졸업증명서	Graduation certificate
506	졸업하다	To graduate
507	종	Bell
508	질문하다	To ask a question
509	토론하다	To discuss / To debate
510	학기	Semester / Academic term
511	학기말	End of semester
512	학기초	Beginning of semester
513	학년	School year / Grade level
514	학력	Educational background / Academic attainment
515	학비	Tuition / School expenses
516	학사	Bachelor / Bachelor's degree
517	갈다	To grind / To mill
518	합격	Passing (an exam) / Success
519	굽다	To grill / To roast / To bake
520	삶다	To boil (food)
521	볶다	To stir-fry / To fry
522	찌다	To steam
523	튀기다 	To deep-fry
524	조리다	To simmer / To braise
525	부치다	To pan-fry
526	끓이다	To boil / To cook (soup, noodles)
527	얼리다	To freeze
528	녹이다	To melt / To thaw / To defrost
529	다듬다	To trim / To clean (ingredients)
530	다지다	To mince / To chop finely
531	절이다	To pickle / To salt / To marinate
532	버무리다	To mix / To toss (with seasoning)
533	채를 치다	To shred / To julienne
534	데치다	To blanch / To scald
535	뒤집다	To flip / To turn over
536	무치다	To season / To mix with spices
537	반죽하다	To knead / To mix dough
538	썰다	To slice / To chop
539	껍질을 까다	To peel / To shell
540	자르다	To cut
541	젓다	To stir
542	익다 [익었어요]	To be cooked / To be ripe
543	아직 안 익다 [아직 안 익었어요] 	Not yet cooked / Unripe
544	타다	To burn (food)
545	펴다	To spread out / To flatten
546	깨물다	To bite / To gnaw
547	나눠 먹다	To share food / To eat together
548	남기다	To leave behind (food)
549	덜다	To reduce / To ladle out a portion
550	삼키다	To swallow
551	식히다	To let cool down
552	씹다	To chew
553	편식하다	To be a picky eater
554	푸다	To scoop / To serve (rice, soup)
555	한턱내다	To treat / To buy a meal
556	고소하다	To be nutty / To have a savory roasted flavor
557	구수하다	To be savory / To have a rich roasted aroma
558	뜨겁다	To be hot (temperature)
559	차갑다	To be cold (temperature)
560	푸짐하다	To be plentiful / To be generous (portion)
561	간을 맞추다	To season to taste / To adjust seasoning
562	펄펄 끓다	To boil vigorously / To boil hard
563	김치를 담그다	To make kimchi
564	냄새를 맡다	To smell / To catch a scent
565	맛있는 냄새가 나다	To smell delicious
566	불판을 갈다	To change the grill plate
567	상을 차리다	To set the table
568	솜씨가 좋다	To be skillful / To be good at cooking
569	양이 많다	To have a large portion / High quantity
570	영양이 풍부하다	To be rich in nutrients
571	입맛이 없다	To have no appetite
572	입에 맞다	To suit one's taste
573	입에서 살살 녹다	To melt in one's mouth
574	장기간 보존이 가능하다	Can be stored for a long time
575	조리법	Recipe / Cooking method
576	포장해서 가져가다	To order to go / To take out
577	향이 좋다	To have a pleasant aroma
578	U턴 금지 	No U-turn
579	고속버스 터미널	Express bus terminal
580	고속버스	Express bus
581	시내버스	City bus / Local bus
582	시외버스 	Intercity bus
583	버스 정류장	Bus stop
584	고속도로	Highway / Expressway
585	지하도 	Underpass / Underground passage
586	교통카드	Transit card / Transportation card
587	내리는 문	Exit door (get-off door)
588	노선도	Route map
589	다음 정류장	Next stop
590	육교	Pedestrian overpass / Footbridge
591	길	Road / Street / Way
592	큰길	Main street / Main road
593	지름길	Shortcut
594	삼거리	Three-way intersection / T-junction
595	사거리 	Crossroads / Four-way intersection
596	신호등	Traffic light
597	여객선 터미널	Passenger ferry terminal
598	역무원	Station employee / Station staff
599	왕복	Round trip
600	편도	One-way
601	운전면허증	Driver's license
602	직행	Direct / Express / Non-stop
603	초보운전	Beginner driver / Novice driver
604	환승역	Transfer station
605	종착역	Terminal station / Last stop
606	지하철역	Subway station
607	표지판	Signpost / Traffic sign
608	사고 	Accident
609	뺑소니 사고	Hit-and-run accident
610	초보 운전자	Beginner driver
611	주차위반/불법주차	Illegal parking / Parking violation
612	신호위반	Traffic signal violation / Running a red light
613	불법유턴	Illegal U-turn
614	무단 횡단	Jaywalking
615	졸음운전	Drowsy driving
616	난폭운전	Reckless driving
617	음주운전	Drunk driving / DUI
618	음주단속	Sobriety checkpoint / DUI crackdown
619	면허정지	License suspension
620	면허취소	License revocation / Cancellation
621	우회 도로	Detour road / Bypass
622	중앙 분리대	Median strip / Central reservation
623	좌회전	Left turn
624	우회전	Right turn
625	교통사고	Traffic accident
626	교통 체증	Traffic jam / Traffic congestion
627	통행금지	No thoroughfare / Closed to traffic
628	제한 속도	Speed limit
629	위험	Danger / Hazard
630	방향	Direction
631	갈아타다	To transfer (transit)
632	직진하다	To go straight
633	복잡하다	To be crowded / Complex
634	붐비다	To be crowded / Bustling
635	혼잡하다	To be congested / Crowded
636	드라이브 하다	To go for a drive
637	차가 밀리다	Traffic is backed up
638	길이 막히다	Road is blocked / Heavy traffic
639	빵꾸가 나다/펑크가 나다	To get a flat tire
640	끼어들다	To cut in / To merge recklessly
641	사고 나다	An accident occurs
642	안전벨트를 매다	To fasten seatbelt
643	시동걸다	To start the engine
644	속도를 높이다	To speed up / To accelerate
645	속도를 늦추다	To slow down / To decelerate
646	후진하다	To reverse / To back up
647	주유하다/기름을 넣다	To refuel / To get gas
648	세차하다	To wash a car
649	속도위반 하다	To speed / Violation of speed limit
650	교통이 편리하다  	Transportation is convenient
651	교통이 불편하다	Transportation is inconvenient
652	교통카드를 충전하다	To reload/recharge a transit card
653	길이 막히다	Traffic is jammed
654	단말기에 카드를 대다	To tap card on the terminal
655	반대 방향으로 가는 차를 타다	To take a ride in the opposite direction
656	서서 가다	To stand while traveling
657	손잡이 잡다	To hold on to the handrail
658	앉아서 가다	To sit while traveling
659	역을 지나치다	To miss or pass one's stop/station
660	택시를 잡다	To hail/catch a taxi
661	버스를 놓치다	To miss the bus
662	한 걸음   물러서다	To step back one pace
663	출급카드	Timecard / Attendance card
664	보너스	Bonus
665	봉급	Salary / Pay
666	월급명세서 	Pay stub / Salary statement
667	기본월급	Base salary
668	최저 봉급	Minimum wage / Minimum salary
669	연봉 	Annual salary
670	월급 	Monthly salary
671	보수	Remuneration / Pay
672	특근수당	Holiday work allowance / Sunday pay
673	잔업수당	Overtime allowance
674	초과근무 수당	Overtime pay
675	수당	Allowance / Extra pay
676	심야수당	Night shift allowance
677	유해수당 	Hazardous duty allowance
678	월급날 	Payday
679	퇴직금	Severance pay / Retirement pay
680	공제	Deduction
681	의료보험료	Health insurance premium
682	의료보험카드	Health insurance card
683	상금	Reward / Prize money
684	기율	Discipline
685	건설 회사	Construction company
686	보험 회사 	Insurance company
687	무역 회사 	Trading company
688	증권 회사	Securities firm / Brokerage firm
689	가전제품 회사	Home appliances company
690	가전제품 회사	Home appliances company
691	대기업	Large conglomerate / Big enterprise
692	중소기업	Small and medium-sized enterprise (SME)
693	공장	Factory / Plant
694	사무실	Office
695	부서	Department / Division
696	경리부	Accounting department
697	관리부 	Management department
698	총무부	General affairs department
699	무역부	Trade / Import-Export department
700	업무부	Operations / Business affairs department
701	생산부	Production department
702	검사반	Inspection team / QC team
703	포장반	Packaging team
704	가공반	Processing team
705	완성반	Finishing team
706	광고문	Advertisement notice / Public notice
707	채용정보	Job posting / Recruitment information
708	취업	Employment / Getting a job
709	입사	Joining a company
710	사무직 	Clerical job / Desk job
711	전문직	Professional job / Specialist position
712	기능직	Technical job / Skilled labor
713	영업직	Sales position
714	이력서	Resume / CV
715	지원서 	Application form
716	경력 증명서	Certificate of employment / Career certificate
717	학력	Educational background
718	경력	Work experience / Career history
719	적성	Aptitude
720	지원 동기	Motivation for applying
721	추천서 	Recommendation letter
722	성적 증명서	Transcript / Academic record
723	졸업 증명서	Graduation certificate
724	자기소개서	Cover letter / Personal statement
725	적성에 맞다	To suit one's aptitude
726	인터넷 접수	Online application submission
727	합격자 발표	Announcement of successful applicants
728	지원서를 쓰다	To write an application form
729	방문 접수	In-person application submission
730	제출 서류	Required documents for submission
731	서류 마감	Application deadline
732	우편 접수	Mail application submission
733	서류를 접수하다	To receive application documents
734	필기시험을 보다	To take a written exam
735	면접시험을 보다	To take an interview exam
736	공문	Official document
737	출퇴근 버스 	Commuter bus / Company shuttle
738	면직하다	To dismiss from office / To discharge
739	사회보험	Social insurance
740	보건보험	Health insurance
741	출장가다	To go on a business trip
742	지각하다	To be late / To arrive late
743	노동계약	Employment contract / Labor contract
744	건강진단	Health checkup / Medical exam
745	근무일	Working day
746	휴일	Holiday / Day off
747	연차휴가	Annual leave / Paid vacation
748	규칙	Rule / Regulation
749	해고 	Dismissal / Fire
750	해고를 당하다 	To get fired / To be dismissed
751	입사하다	To join a company
752	합격이 되다	To be accepted / To pass
753	조퇴하다 	To leave work early
754	의장님/ 이사님	Chairman / Executive Board Member
755	씨이오	CEO
756	마케팅 담당자님	Marketing Manager / Director
757	세일 매니저님	Sales Manager
758	고객서비스팀 매니저님	Customer Service Team Manager
759	개인담당 매니저님/ 퍼스널 디렉터 님	HR Director / Personal Manager
760	인사관리 매니저님	HR Manager
761	오피스 매니저님	Office Manager
762	기술관리자님	Technical Manager / CTO
763	연구 개발 매니저님	R&D Manager
764	프로덕션 담당자님	Production Manager
765	공장장님	Plant Manager / Factory Manager
766	상무	Managing Director / Executive Vice President
767	이사	Director / Board Member
768	사모님	Madam / Boss's wife
769	상사	Superior / Boss
770	부사장 	Vice PresidentSTT	Từ vựng	Nghĩa
771	회사비서	Company secretary / Executive secretary
772	최고 회계사님 	Chief accountant
773	과장	Manager / Section chief
774	대리 	Assistant manager / Deputy section chief
775	반장	Shift leader / Foreman
776	전무	Senior Managing Director
777	차장	Deputy manager / Associate director
778	관리자	Manager / Administrator / Supervisor
779	근로자 	Worker / Employee / Laborer
780	동료	Colleague / Co-worker
781	사원	Employee / Staff member
782	부하 직원	Subordinate / Junior employee
783	경력 사원	Experienced employee
784	정규 사원	Regular employee / Permanent staff
785	인턴사원/ 수습사원	Intern / Probationary employee
786	신입사원	New employee / Entry-level employee
787	청소아주머니	Cleaning lady / Custodian
788	외국인근로자	Foreign worker
789	불법자	Undocumented person / Illegal worker
790	경비아저씨	Security guard
791	식당아주머니	Cafeteria worker / Cook lady
792	의사	Doctor / Physician
793	유모	Nanny / Wet nurse
794	번역	Translator / Translation
795	군인	Soldier / Military officer
796	웨이터	Waiter
797	웨이트리스	Waitress
798	가수 	Singer
799	경찰관	Police officer
800	교통 경찰관	Traffic police officer
801	선수	Athlete / Player
802	공증인	Notary public
803	국가주석	State President
804	배우, 연주자	Actor / Performer
805	영화배우	Movie actor / Film star
806	유학생 	International student / Study abroad student
807	약사	Pharmacist
808	감독	Director / Head coach
809	요리사	Chef / Cook
810	가정교사 	Tutor / Private teacher
811	사장	Company President / CEO
812	교수	Professor
813	선생님	Teacher
814	교장	Principal / Headmaster
815	화가	Painter / Artist
816	학생 	Student
817	초등학생 	Elementary school student
818	중학생	Middle school student
819	고등학생	High school student
820	안내원	Guide / Information desk clerk
821	관광 안내원	Tour guide
822	산림감시원 	Forest ranger / Forest guard
823	과학자	Scientist
824	운전기사	Driver
825	컴퓨터프로그래머	Computer programmer
826	소방관	Firefighter
827	변호사	Lawyer / Attorney
828	주부	Homemaker / Housewife
829	농부	Farmer
830	도예가	Potter / Ceramic artist
831	연예인	Entertainer / Celebrity
832	어부 	Fisherman
833	진행자	Host / Presenter / MC
834	문지기 	Gatekeeper / Doorkeeper
836	가정부, 집사	Housekeeper / Butler
837	택시 기사	Taxi driver
838	노동자	Laborer / Worker
839	성우	Voice actor / Voice actress
840	모델	Model
841	통역사	Interpreter
842	문학가 	Writer / Man of letters
843	작곡가	Composer
844	악단장	Bandmaster / Conductor
845	판매원	Salesperson / Sales clerk
846	경비원 	Security guard
847	우체국사무원	Post office clerk
848	공무원	Civil servant / Public official
849	회사원	Office worker / Corporate employee
850	여행사직원 	Travel agent / Travel agency staff
851	배달원	Delivery person
852	기상요원	Weather forecaster / Meteorologist
853	회계원	Accountant / Bookkeeper
854	부동산중개인	Real estate agent / Realtor
855	은행원	Bank teller / Bank clerk
856	접수원 	Receptionist
857	상담원	Counselor / Consultant
858	사진작가	Photographer
859	아나운서	Announcer / News anchor
860	비행기조종사	Pilot
861	부장	Department head / General manager
862	기자	Reporter / Journalist
863	공장장	Factory manager / Plant superintendent
864	파출부	Housekeeper / Cleaning woman
865	대학생	University student / College student
866	작가	Author / Writer
867	운전사 	Driver
868	박사	Ph.D. / Doctor / Doctorate
869	회장	Chairman / Group Chairman
870	대통령	President (of a country)
871	연수생	Trainee
872	석사	Master's degree
873	국회의원 	Member of National Assembly / Congressman
874	이발사	Barber
875	기계공	Mechanic / Machinist
876	꽃장수	Florist / Flower vendor
877	사진사	Photographer
878	전기기사	Electrician
879	용접공	Welder
880	인쇄공	Printer / Press operator
881	보석상인	Jeweler
882	안경사	Optician
883	제빵사	Baker
884	미용사	Hairdresser / Beautician
885	원예가	Horticulturist / Gardener
886	재단사	Tailor
887	갱내부	Miner / Underground worker
888	목수	Carpenter
889	철근공 	Rebar worker / Ironworker
890	페인트공	Painter (house/building)
891	수리자	Repairer / Technician
892	정비사 	Mechanic / Maintenance technician
893	배관공	Plumber
894	선반공	Lathe operator / Machinist
895	총리	Prime Minister
896	선장	Captain (of a ship)
897	비서	Secretary
898	팀장	Team leader
899	간호사	Nurse
900	기사	Engineer / Technician
901	라이스 페이퍼	Rice paper
902	새우 크래커	Shrimp cracker
903	크루아상	Croissant
904	비스킷	Biscuit
905	샌드위치	Sandwich
906	월병	Mooncake
907	케이크, 양과자	Cake / Western pastry
908	핫케이크	Pancake / Hotcake
909	구운빵	Toast / Baked bread
910	머핀	Muffin
911	빵	Bread
912	팬케이크	Pancake
913	만두	Dumpling / Mandu
914	찐빵	Steamed bun
915	스펀지 케이크	Sponge cake
916	이탈리아식 국수	Pasta / Italian noodles
917	국수	Noodles
918	버미첼리	Vermicelli
919	라면	Ramen / Instant noodles
920	볶음 국수	Stir-fried noodles
921	스파게티	Spaghetti
922	죽	Porridge / Congee
923	밥	Cooked rice / Meal
924	볶음밥	Fried rice
925	그제/ 그저께	Day before yesterday
926	생선회	Sashimi / Raw fish
927	뻥튀기	Puffed rice snack / Rice cake
928	미역	Seaweed (specifically brown seaweed for soup)
929	녹차	Green tea
930	꼬리곰탕	Ox tail soup
931	한식	Korean food / Korean cuisine
932	김치	Kimchi
933	깍두기	Diced radish kimchi
934	김치찌개	Kimchi stew
935	김밥	Gimbap / Rice roll
936	된장찌개	Soybean paste stew
937	콩나물국	Bean sprout soup
938	순두부찌개	Soft tofu stew
939	삼계탕	Ginseng chicken soup
940	잡채	Japchae / Glass noodle stir-fry
941	비빔밥	Bibimbap / Mixed rice
942	불고기	Bulgogi / Marinated beef
943	삼겹살	Grilled pork belly
944	자장면	Jajangmyeon / Black bean noodles
945	냉면	Naengmyeon / Cold noodles
946	우동	Udon
947	떡	Rice cake
948	김	Gim / Dried seaweed
949	쌀국수	Rice noodles / Pho
950	은백색	Silver-white
951	빨간색/붉은색	Red
952	심홍색	Crimson / Deep red
953	주홍색	Scarlet / Vermilion
954	검정색/까만색	Black
955	하얀색/흰색	White
956	노란색/황색	Yellow
957	주황색/오렌지색	Orange
958	암녹색	Dark green
959	초록색/녹색	Green
960	분홍색	Pink
961	장밋빛	Rose pink
962	청록색	Turquoise / Teal
963	갈색/밤색	Brown
964	보라색	Purple
965	회색	Gray
966	파란색/청색/ 푸른색	Blue
967	은색	Silver
968	금색	Gold
969	색깔이 진하다	Dark-colored / Deep color
970	색깔이 연하다	Light-colored / Pale color
971	색깔이 어둡다	Dark color
972	색깔이 밝다	Bright color
973	시간	Time / Hour
974	월요일	Monday
975	화요일	Tuesday
976	수요일	Wednesday
977	목요일	Thursday
978	금요일	Friday
979	토요일	Saturday
980	일요일	Sunday
981	이번주	This week
982	지난주	Last week
983	다음주	Next week
984	주말	Weekend
985	이번달	This month
986	다음달	Next month
987	지난달	Last month
988	아침	Morning / Breakfast
989	점심	Afternoon / Lunch
990	저녁	Evening / Dinner
991	오전	Morning / AM
992	오후	Afternoon / PM
993	낮	Daytime
994	새벽	Dawn / Early morning
995	밤	Night
996	오늘	Today
997	내일	Tomorrow
998	모레	Day after tomorrow
999	글피	Two days after tomorrow
1000	어제	Yesterday